"first_name","last_name","email"
"CYNTHIA","YOUNG","CYNTHIA.YOUNG@sakilacustomer.org"
"MARVIN","YEE","MARVIN.YEE@sakilacustomer.org"
"LUIS","YANEZ","LUIS.YANEZ@sakilacustomer.org"
"BRIAN","WYMAN","BRIAN.WYMAN@sakilacustomer.org"
"BRENDA","WRIGHT","BRENDA.WRIGHT@sakilacustomer.org"
"TYLER","WREN","TYLER.WREN@sakilacustomer.org"
"FLORENCE","WOODS","FLORENCE.WOODS@sakilacustomer.org"
"LORI","WOOD","LORI.WOOD@sakilacustomer.org"
"VIRGIL","WOFFORD","VIRGIL.WOFFORD@sakilacustomer.org"
"DARREN","WINDHAM","DARREN.WINDHAM@sakilacustomer.org"
"SUSAN","WILSON","SUSAN.WILSON@sakilacustomer.org"
"BERNICE","WILLIS","BERNICE.WILLIS@sakilacustomer.org"
"GINA","WILLIAMSON","GINA.WILLIAMSON@sakilacustomer.org"
"LINDA","WILLIAMS","LINDA.WILLIAMS@sakilacustomer.org"
"JON","WILES","JON.WILES@sakilacustomer.org"
"ROY","WHITING","ROY.WHITING@sakilacustomer.org"
"BETTY","WHITE","BETTY.WHITE@sakilacustomer.org"
"LUCY","WHEELER","LUCY.WHEELER@sakilacustomer.org"
"FRED","WHEAT","FRED.WHEAT@sakilacustomer.org"
"MITCHELL","WESTMORELAND","MITCHELL.WESTMORELAND@sakilacustomer.org"
"EDNA","WEST","EDNA.WEST@sakilacustomer.org"
"SHEILA","WELLS","SHEILA.WELLS@sakilacustomer.org"
"MARLENE","WELCH","MARLENE.WELCH@sakilacustomer.org"
"RONALD","WEINER","RONALD.WEINER@sakilacustomer.org"
"ETHEL","WEBB","ETHEL.WEBB@sakilacustomer.org"
"YOLANDA","WEAVER","YOLANDA.WEAVER@sakilacustomer.org"
"MIKE","WAY","MIKE.WAY@sakilacustomer.org"
"JAMIE","WAUGH","JAMIE.WAUGH@sakilacustomer.org"
"SHELLY","WATTS","SHELLY.WATTS@sakilacustomer.org"
"THERESA","WATSON","THERESA.WATSON@sakilacustomer.org"
"YVONNE","WATKINS","YVONNE.WATKINS@sakilacustomer.org"
"RUBY","WASHINGTON","RUBY.WASHINGTON@sakilacustomer.org"
"HAZEL","WARREN","HAZEL.WARREN@sakilacustomer.org"
"JANICE","WARD","JANICE.WARD@sakilacustomer.org"
"CASSANDRA","WALTERS","CASSANDRA.WALTERS@sakilacustomer.org"
"CONNIE","WALLACE","CONNIE.WALLACE@sakilacustomer.org"
"DEBORAH","WALKER","DEBORAH.WALKER@sakilacustomer.org"
"HUGH","WALDROP","HUGH.WALDROP@sakilacustomer.org"
"DOLORES","WAGNER","DOLORES.WAGNER@sakilacustomer.org"
"FRANK","WAGGONER","FRANK.WAGGONER@sakilacustomer.org"
"MARGIE","WADE","MARGIE.WADE@sakilacustomer.org"
"ROBERTO","VU","ROBERTO.VU@sakilacustomer.org"
"CECIL","VINES","CECIL.VINES@sakilacustomer.org"
"JULIAN","VEST","JULIAN.VEST@sakilacustomer.org"
"TERRI","VASQUEZ","TERRI.VASQUEZ@sakilacustomer.org"
"BENJAMIN","VARNEY","BENJAMIN.VARNEY@sakilacustomer.org"
"CHRISTY","VARGAS","CHRISTY.VARGAS@sakilacustomer.org"
"ANDY","VANHORN","ANDY.VANHORN@sakilacustomer.org"
"JOHNNY","TURPIN","JOHNNY.TURPIN@sakilacustomer.org"
"MARIE","TURNER","MARIE.TURNER@sakilacustomer.org"
"MARJORIE","TUCKER","MARJORIE.TUCKER@sakilacustomer.org"
"DUANE","TUBBS","DUANE.TUBBS@sakilacustomer.org"
"WAYNE","TRUONG","WAYNE.TRUONG@sakilacustomer.org"
"FRANKLIN","TROUTMAN","FRANKLIN.TROUTMAN@sakilacustomer.org"
"PAUL","TROUT","PAUL.TROUT@sakilacustomer.org"
"KELLY","TORRES","KELLY.TORRES@sakilacustomer.org"
"EDDIE","TOMLIN","EDDIE.TOMLIN@sakilacustomer.org"
"CLYDE","TOBIAS","CLYDE.TOBIAS@sakilacustomer.org"
"LONNIE","TIRADO","LONNIE.TIRADO@sakilacustomer.org"
"LARRY","THRASHER","LARRY.THRASHER@sakilacustomer.org"
"MARSHALL","THORN","MARSHALL.THORN@sakilacustomer.org"
"DONNA","THOMPSON","DONNA.THOMPSON@sakilacustomer.org"
"NANCY","THOMAS","NANCY.THOMAS@sakilacustomer.org"
"JENNIE","TERRY","JENNIE.TERRY@sakilacustomer.org"
"SALVADOR","TEEL","SALVADOR.TEEL@sakilacustomer.org"
"DOROTHY","TAYLOR","DOROTHY.TAYLOR@sakilacustomer.org"
"TODD","TAN","TODD.TAN@sakilacustomer.org"
"GLEN","TALBERT","GLEN.TALBERT@sakilacustomer.org"
"PERRY","SWAFFORD","PERRY.SWAFFORD@sakilacustomer.org"
"FELICIA","SUTTON","FELICIA.SUTTON@sakilacustomer.org"
"DAWN","SULLIVAN","DAWN.SULLIVAN@sakilacustomer.org"
"VERONICA","STONE","VERONICA.STONE@sakilacustomer.org"
"IAN","STILL","IAN.STILL@sakilacustomer.org"
"ALICE","STEWART","ALICE.STEWART@sakilacustomer.org"
"ELAINE","STEVENS","ELAINE.STEVENS@sakilacustomer.org"
"ERNEST","STEPP","ERNEST.STEPP@sakilacustomer.org"
"LORRAINE","STEPHENS","LORRAINE.STEPHENS@sakilacustomer.org"
"KIRK","STCLAIR","KIRK.STCLAIR@sakilacustomer.org"
"ALLISON","STANLEY","ALLISON.STANLEY@sakilacustomer.org"
"SERGIO","STANFIELD","SERGIO.STANFIELD@sakilacustomer.org"
"KYLE","SPURLOCK","KYLE.SPURLOCK@sakilacustomer.org"
"CATHY","SPENCER","CATHY.SPENCER@sakilacustomer.org"
"JEFFREY","SPEAR","JEFFREY.SPEAR@sakilacustomer.org"
"ROLAND","SOUTH","ROLAND.SOUTH@sakilacustomer.org"
"NINA","SOTO","NINA.SOTO@sakilacustomer.org"
"MARION","SNYDER","MARION.SNYDER@sakilacustomer.org"
"MARY","SMITH","MARY.SMITH@sakilacustomer.org"
"WALLACE","SLONE","WALLACE.SLONE@sakilacustomer.org"
"GILBERT","SLEDGE","GILBERT.SLEDGE@sakilacustomer.org"
"FRANCISCO","SKIDMORE","FRANCISCO.SKIDMORE@sakilacustomer.org"
"VANESSA","SIMS","VANESSA.SIMS@sakilacustomer.org"
"ELLEN","SIMPSON","ELLEN.SIMPSON@sakilacustomer.org"
"ARTHUR","SIMPKINS","ARTHUR.SIMPKINS@sakilacustomer.org"
"TINA","SIMMONS","TINA.SIMMONS@sakilacustomer.org"
"MICHAEL","SILVERMAN","MICHAEL.SILVERMAN@sakilacustomer.org"
"MAXINE","SILVA","MAXINE.SILVA@sakilacustomer.org"
"FRANCIS","SIKES","FRANCIS.SIKES@sakilacustomer.org"
"WARREN","SHERROD","WARREN.SHERROD@sakilacustomer.org"
"DIANNE","SHELTON","DIANNE.SHELTON@sakilacustomer.org"
"SCOTT","SHELLEY","SCOTT.SHELLEY@sakilacustomer.org"
"RICKY","SHELBY","RICKY.SHELBY@sakilacustomer.org"
"CLARA","SHAW","CLARA.SHAW@sakilacustomer.org"
"EARL","SHANKS","EARL.SHANKS@sakilacustomer.org"
"LESLIE","SEWARD","LESLIE.SEWARD@sakilacustomer.org"
"AARON","SELBY","AARON.SELBY@sakilacustomer.org"
"KARL","SEAL","KARL.SEAL@sakilacustomer.org"
"STANLEY","SCROGGINS","STANLEY.SCROGGINS@sakilacustomer.org"
"REBECCA","SCOTT","REBECCA.SCOTT@sakilacustomer.org"
"BRUCE","SCHWARZ","BRUCE.SCHWARZ@sakilacustomer.org"
"ANTHONY","SCHWAB","ANTHONY.SCHWAB@sakilacustomer.org"
"KEVIN","SCHULER","KEVIN.SCHULER@sakilacustomer.org"
"JIMMY","SCHRADER","JIMMY.SCHRADER@sakilacustomer.org"
"LEONARD","SCHOFIELD","LEONARD.SCHOFIELD@sakilacustomer.org"
"ROSEMARY","SCHMIDT","ROSEMARY.SCHMIDT@sakilacustomer.org"
"JESSE","SCHILLING","JESSE.SCHILLING@sakilacustomer.org"
"JONATHAN","SCARBOROUGH","JONATHAN.SCARBOROUGH@sakilacustomer.org"
"DEAN","SAUER","DEAN.SAUER@sakilacustomer.org"
"WILLIAM","SATTERFIELD","WILLIAM.SATTERFIELD@sakilacustomer.org"
"TAMMY","SANDERS","TAMMY.SANDERS@sakilacustomer.org"
"JULIE","SANCHEZ","JULIE.SANCHEZ@sakilacustomer.org"
"GENE","SANBORN","GENE.SANBORN@sakilacustomer.org"
"RYAN","SALISBURY","RYAN.SALISBURY@sakilacustomer.org"
"TARA","RYAN","TARA.RYAN@sakilacustomer.org"
"ANNIE","RUSSELL","ANNIE.RUSSELL@sakilacustomer.org"
"NATHAN","RUNYON","NATHAN.RUNYON@sakilacustomer.org"
"VIVIAN","RUIZ","VIVIAN.RUIZ@sakilacustomer.org"
"DAVID","ROYAL","DAVID.ROYAL@sakilacustomer.org"
"TERRANCE","ROUSH","TERRANCE.ROUSH@sakilacustomer.org"
"MARILYN","ROSS","MARILYN.ROSS@sakilacustomer.org"
"DARLENE","ROSE","DARLENE.ROSE@sakilacustomer.org"
"MINNIE","ROMERO","MINNIE.ROMERO@sakilacustomer.org"
"TERESA","ROGERS","TERESA.ROGERS@sakilacustomer.org"
"VIOLET","RODRIQUEZ","VIOLET.RODRIQUEZ@sakilacustomer.org"
"LAURA","RODRIGUEZ","LAURA.RODRIGUEZ@sakilacustomer.org"
"SHARON","ROBINSON","SHARON.ROBINSON@sakilacustomer.org"
"GREG","ROBINS","GREG.ROBINS@sakilacustomer.org"
"JOANNE","ROBERTSON","JOANNE.ROBERTSON@sakilacustomer.org"
"CHRISTINE","ROBERTS","CHRISTINE.ROBERTS@sakilacustomer.org"
"ERIC","ROBERT","ERIC.ROBERT@sakilacustomer.org"
"JAY","ROBB","JAY.ROBB@sakilacustomer.org"
"KATHERINE","RIVERA","KATHERINE.RIVERA@sakilacustomer.org"
"MARK","RINEHART","MARK.RINEHART@sakilacustomer.org"
"BRITTANY","RILEY","BRITTANY.RILEY@sakilacustomer.org"
"KEITH","RICO","KEITH.RICO@sakilacustomer.org"
"RONNIE","RICKETTS","RONNIE.RICKETTS@sakilacustomer.org"
"ASHLEY","RICHARDSON","ASHLEY.RICHARDSON@sakilacustomer.org"
"WILMA","RICHARDS","WILMA.RICHARDS@sakilacustomer.org"
"JAMIE","RICE","JAMIE.RICE@sakilacustomer.org"
"SHERRI","RHODES","SHERRI.RHODES@sakilacustomer.org"
"EDGAR","RHOADS","EDGAR.RHOADS@sakilacustomer.org"
"ROSA","REYNOLDS","ROSA.REYNOLDS@sakilacustomer.org"
"DEBBIE","REYES","DEBBIE.REYES@sakilacustomer.org"
"NEIL","RENNER","NEIL.RENNER@sakilacustomer.org"
"CONSTANCE","REID","CONSTANCE.REID@sakilacustomer.org"
"DORIS","REED","DORIS.REED@sakilacustomer.org"
"JIM","REA","JIM.REA@sakilacustomer.org"
"AUDREY","RAY","AUDREY.RAY@sakilacustomer.org"
"DALE","RATCLIFF","DALE.RATCLIFF@sakilacustomer.org"
"ANDRE","RAPP","ANDRE.RAPP@sakilacustomer.org"
"EVA","RAMOS","EVA.RAMOS@sakilacustomer.org"
"CHRISTINA","RAMIREZ","CHRISTINA.RAMIREZ@sakilacustomer.org"
"VINCENT","RALSTON","VINCENT.RALSTON@sakilacustomer.org"
"ROGER","QUINTANILLA","ROGER.QUINTANILLA@sakilacustomer.org"
"TROY","QUIGLEY","TROY.QUIGLEY@sakilacustomer.org"
"STEPHEN","QUALLS","STEPHEN.QUALLS@sakilacustomer.org"
"ANDREW","PURDY","ANDREW.PURDY@sakilacustomer.org"
"GLENN","PULLEN","GLENN.PULLEN@sakilacustomer.org"
"IRENE","PRICE","IRENE.PRICE@sakilacustomer.org"
"KEN","PREWITT","KEN.PREWITT@sakilacustomer.org"
"DARRELL","POWER","DARRELL.POWER@sakilacustomer.org"
"ANNE","POWELL","ANNE.POWELL@sakilacustomer.org"
"BILLY","POULIN","BILLY.POULIN@sakilacustomer.org"
"CARRIE","PORTER","CARRIE.PORTER@sakilacustomer.org"
"HECTOR","POINDEXTER","HECTOR.POINDEXTER@sakilacustomer.org"
"MAX","PITT","MAX.PITT@sakilacustomer.org"
"JEFFERY","PINSON","JEFFERY.PINSON@sakilacustomer.org"
"SALLY","PIERCE","SALLY.PIERCE@sakilacustomer.org"
"JANET","PHILLIPS","JANET.PHILLIPS@sakilacustomer.org"
"BOB","PFEIFFER","BOB.PFEIFFER@sakilacustomer.org"
"NICOLE","PETERSON","NICOLE.PETERSON@sakilacustomer.org"
"SUE","PETERS","SUE.PETERS@sakilacustomer.org"
"WALTER","PERRYMAN","WALTER.PERRYMAN@sakilacustomer.org"
"SARA","PERRY","SARA.PERRY@sakilacustomer.org"
"GERALDINE","PERKINS","GERALDINE.PERKINS@sakilacustomer.org"
"CAROLYN","PEREZ","CAROLYN.PEREZ@sakilacustomer.org"
"ERIKA","PENA","ERIKA.PENA@sakilacustomer.org"
"LANCE","PEMBERTON","LANCE.PEMBERTON@sakilacustomer.org"
"IRMA","PEARSON","IRMA.PEARSON@sakilacustomer.org"
"LYNN","PAYNE","LYNN.PAYNE@sakilacustomer.org"
"WANDA","PATTERSON","WANDA.PATTERSON@sakilacustomer.org"
"FRANCES","PARKER","FRANCES.PARKER@sakilacustomer.org"
"MEGAN","PALMER","MEGAN.PALMER@sakilacustomer.org"
"DAN","PAINE","DAN.PAINE@sakilacustomer.org"
"CARMEN","OWENS","CARMEN.OWENS@sakilacustomer.org"
"MARC","OUTLAW","MARC.OUTLAW@sakilacustomer.org"
"SYLVIA","ORTIZ","SYLVIA.ORTIZ@sakilacustomer.org"
"DWAYNE","OLVERA","DWAYNE.OLVERA@sakilacustomer.org"
"ANNETTE","OLSON","ANNETTE.OLSON@sakilacustomer.org"
"ELLA","OLIVER","ELLA.OLIVER@sakilacustomer.org"
"JORGE","OLIVARES","JORGE.OLIVARES@sakilacustomer.org"
"ISAAC","OGLESBY","ISAAC.OGLESBY@sakilacustomer.org"
"MARION","OCAMPO","MARION.OCAMPO@sakilacustomer.org"
"LEONA","OBRIEN","LEONA.OBRIEN@sakilacustomer.org"
"CODY","NOLEN","CODY.NOLEN@sakilacustomer.org"
"JULIO","NOLAND","JULIO.NOLAND@sakilacustomer.org"
"ELMER","NOE","ELMER.NOE@sakilacustomer.org"
"SUZANNE","NICHOLS","SUZANNE.NICHOLS@sakilacustomer.org"
"TAMARA","NGUYEN","TAMARA.NGUYEN@sakilacustomer.org"
"JUSTIN","NGO","JUSTIN.NGO@sakilacustomer.org"
"PATRICK","NEWSOM","PATRICK.NEWSOM@sakilacustomer.org"
"RANDALL","NEUMANN","RANDALL.NEUMANN@sakilacustomer.org"
"JAIME","NETTLES","JAIME.NETTLES@sakilacustomer.org"
"DEBRA","NELSON","DEBRA.NELSON@sakilacustomer.org"
"PENNY","NEAL","PENNY.NEAL@sakilacustomer.org"
"PEGGY","MYERS","PEGGY.MYERS@sakilacustomer.org"
"MANUEL","MURRELL","MANUEL.MURRELL@sakilacustomer.org"
"THELMA","MURRAY","THELMA.MURRAY@sakilacustomer.org"
"CHERYL","MURPHY","CHERYL.MURPHY@sakilacustomer.org"
"BRADLEY","MOTLEY","BRADLEY.MOTLEY@sakilacustomer.org"
"JASON","MORRISSEY","JASON.MORRISSEY@sakilacustomer.org"
"BESSIE","MORRISON","BESSIE.MORRISON@sakilacustomer.org"
"HEATHER","MORRIS","HEATHER.MORRIS@sakilacustomer.org"
"CRAIG","MORRELL","CRAIG.MORRELL@sakilacustomer.org"
"EVELYN","MORGAN","EVELYN.MORGAN@sakilacustomer.org"
"STELLA","MORENO","STELLA.MORENO@sakilacustomer.org"
"ANITA","MORALES","ANITA.MORALES@sakilacustomer.org"
"MARGARET","MOORE","MARGARET.MOORE@sakilacustomer.org"
"STACEY","MONTGOMERY","STACEY.MONTGOMERY@sakilacustomer.org"
"RODNEY","MOELLER","RODNEY.MOELLER@sakilacustomer.org"
"STEPHANIE","MITCHELL","STEPHANIE.MITCHELL@sakilacustomer.org"
"TOM","MILNER","TOM.MILNER@sakilacustomer.org"
"ALICIA","MILLS","ALICIA.MILLS@sakilacustomer.org"
"MARIA","MILLER","MARIA.MILLER@sakilacustomer.org"
"SHANE","MILLARD","SHANE.MILLARD@sakilacustomer.org"
"BECKY","MILES","BECKY.MILES@sakilacustomer.org"
"JESSIE","MILAM","JESSIE.MILAM@sakilacustomer.org"
"NATALIE","MEYER","NATALIE.MEYER@sakilacustomer.org"
"MARIAN","MENDOZA","MARIAN.MENDOZA@sakilacustomer.org"
"PETER","MENARD","PETER.MENARD@sakilacustomer.org"
"CASEY","MENA","CASEY.MENA@sakilacustomer.org"
"ANTONIO","MEEK","ANTONIO.MEEK@sakilacustomer.org"
"CORY","MEEHAN","CORY.MEEHAN@sakilacustomer.org"
"DORA","MEDINA","DORA.MEDINA@sakilacustomer.org"
"RICARDO","MEADOR","RICARDO.MEADOR@sakilacustomer.org"
"RAYMOND","MCWHORTER","RAYMOND.MCWHORTER@sakilacustomer.org"
"MIRIAM","MCKINNEY","MIRIAM.MCKINNEY@sakilacustomer.org"
"SAM","MCDUFFIE","SAM.MCDUFFIE@sakilacustomer.org"
"EDITH","MCDONALD","EDITH.MCDONALD@sakilacustomer.org"
"BRAD","MCCURDY","BRAD.MCCURDY@sakilacustomer.org"
"RICHARD","MCCRARY","RICHARD.MCCRARY@sakilacustomer.org"
"VERA","MCCOY","VERA.MCCOY@sakilacustomer.org"
"JESUS","MCCARTNEY","JESUS.MCCARTNEY@sakilacustomer.org"
"MORRIS","MCCARTER","MORRIS.MCCARTER@sakilacustomer.org"
"RENE","MCALISTER","RENE.MCALISTER@sakilacustomer.org"
"ALFREDO","MCADAMS","ALFREDO.MCADAMS@sakilacustomer.org"
"GWENDOLYN","MAY","GWENDOLYN.MAY@sakilacustomer.org"
"GREGORY","MAULDIN","GREGORY.MAULDIN@sakilacustomer.org"
"RICK","MATTOX","RICK.MATTOX@sakilacustomer.org"
"ERICA","MATTHEWS","ERICA.MATTHEWS@sakilacustomer.org"
"JUANITA","MASON","JUANITA.MASON@sakilacustomer.org"
"HAROLD","MARTINO","HAROLD.MARTINO@sakilacustomer.org"
"RUTH","MARTINEZ","RUTH.MARTINEZ@sakilacustomer.org"
"SANDRA","MARTIN","SANDRA.MARTIN@sakilacustomer.org"
"CALVIN","MARTEL","CALVIN.MARTEL@sakilacustomer.org"
"SHERRY","MARSHALL","SHERRY.MARSHALL@sakilacustomer.org"
"SAMUEL","MARLOW","SAMUEL.MARLOW@sakilacustomer.org"
"WILLIE","MARKHAM","WILLIE.MARKHAM@sakilacustomer.org"
"JOSHUA","MARK","JOSHUA.MARK@sakilacustomer.org"
"CLIFTON","MALCOLM","CLIFTON.MALCOLM@sakilacustomer.org"
"DONALD","MAHON","DONALD.MAHON@sakilacustomer.org"
"MATTHEW","MAHAN","MATTHEW.MAHAN@sakilacustomer.org"
"RALPH","MADRIGAL","RALPH.MADRIGAL@sakilacustomer.org"
"STEVE","MACKENZIE","STEVE.MACKENZIE@sakilacustomer.org"
"JACKIE","LYNCH","JACKIE.LYNCH@sakilacustomer.org"
"LEWIS","LYMAN","LEWIS.LYMAN@sakilacustomer.org"
"WILLARD","LUMPKIN","WILLARD.LUMPKIN@sakilacustomer.org"
"VELMA","LUCAS","VELMA.LUCAS@sakilacustomer.org"
"PRISCILLA","LOWE","PRISCILLA.LOWE@sakilacustomer.org"
"BARRY","LOVELACE","BARRY.LOVELACE@sakilacustomer.org"
"AMY","LOPEZ","AMY.LOPEZ@sakilacustomer.org"
"JACQUELINE","LONG","JACQUELINE.LONG@sakilacustomer.org"
"DWIGHT","LOMBARDI","DWIGHT.LOMBARDI@sakilacustomer.org"
"MAUREEN","LITTLE","MAUREEN.LITTLE@sakilacustomer.org"
"GEORGE","LINTON","GEORGE.LINTON@sakilacustomer.org"
"SARAH","LEWIS","SARAH.LEWIS@sakilacustomer.org"
"LOUIS","LEONE","LOUIS.LEONE@sakilacustomer.org"
"KIMBERLY","LEE","KIMBERLY.LEE@sakilacustomer.org"
"LAWRENCE","LAWTON","LAWRENCE.LAWTON@sakilacustomer.org"
"JEANNE","LAWSON","JEANNE.LAWSON@sakilacustomer.org"
"LAURIE","LAWRENCE","LAURIE.LAWRENCE@sakilacustomer.org"
"DARYL","LARUE","DARYL.LARUE@sakilacustomer.org"
"HEIDI","LARSON","HEIDI.LARSON@sakilacustomer.org"
"RENEE","LANE","RENEE.LANE@sakilacustomer.org"
"JACOB","LANCE","JACOB.LANCE@sakilacustomer.org"
"MISTY","LAMBERT","MISTY.LAMBERT@sakilacustomer.org"
"HERBERT","KRUGER","HERBERT.KRUGER@sakilacustomer.org"
"LESTER","KRAUS","LESTER.KRAUS@sakilacustomer.org"
"CHARLES","KOWALSKI","CHARLES.KOWALSKI@sakilacustomer.org"
"KELLY","KNOTT","KELLY.KNOTT@sakilacustomer.org"
"GAIL","KNIGHT","GAIL.KNIGHT@sakilacustomer.org"
"MELISSA","KING","MELISSA.KING@sakilacustomer.org"
"REGINALD","KINDER","REGINALD.KINDER@sakilacustomer.org"
"LILLIE","KIM","LILLIE.KIM@sakilacustomer.org"
"JEROME","KENYON","JEROME.KENYON@sakilacustomer.org"
"RHONDA","KENNEDY","RHONDA.KENNEDY@sakilacustomer.org"
"DENISE","KELLY","DENISE.KELLY@sakilacustomer.org"
"ELSIE","KELLEY","ELSIE.KELLEY@sakilacustomer.org"
"ALAN","KAHN","ALAN.KAHN@sakilacustomer.org"
"CHRISTIAN","JUNG","CHRISTIAN.JUNG@sakilacustomer.org"
"JOSEPH","JOY","JOSEPH.JOY@sakilacustomer.org"
"JERRY","JORDON","JERRY.JORDON@sakilacustomer.org"
"TIFFANY","JORDAN","TIFFANY.JORDAN@sakilacustomer.org"
"BARBARA","JONES","BARBARA.JONES@sakilacustomer.org"
"KRISTIN","JOHNSTON","KRISTIN.JOHNSTON@sakilacustomer.org"
"PATRICIA","JOHNSON","PATRICIA.JOHNSON@sakilacustomer.org"
"OLGA","JIMENEZ","OLGA.JIMENEZ@sakilacustomer.org"
"LENA","JENSEN","LENA.JENSEN@sakilacustomer.org"
"NAOMI","JENNINGS","NAOMI.JENNINGS@sakilacustomer.org"
"LOUISE","JENKINS","LOUISE.JENKINS@sakilacustomer.org"
"KATHY","JAMES","KATHY.JAMES@sakilacustomer.org"
"GEORGIA","JACOBS","GEORGIA.JACOBS@sakilacustomer.org"
"KAREN","JACKSON","KAREN.JACKSON@sakilacustomer.org"
"DANNY","ISOM","DANNY.ISOM@sakilacustomer.org"
"FREDERICK","ISBELL","FREDERICK.ISBELL@sakilacustomer.org"
"CURTIS","IRBY","CURTIS.IRBY@sakilacustomer.org"
"JEREMY","HURTADO","JEREMY.HURTADO@sakilacustomer.org"
"CHARLOTTE","HUNTER","CHARLOTTE.HUNTER@sakilacustomer.org"
"ELEANOR","HUNT","ELEANOR.HUNT@sakilacustomer.org"
"BONNIE","HUGHES","BONNIE.HUGHES@sakilacustomer.org"
"BRANDON","HUEY","BRANDON.HUEY@sakilacustomer.org"
"LAUREN","HUDSON","LAUREN.HUDSON@sakilacustomer.org"
"MILTON","HOWLAND","MILTON.HOWLAND@sakilacustomer.org"
"WILLIE","HOWELL","WILLIE.HOWELL@sakilacustomer.org"
"ROSE","HOWARD","ROSE.HOWARD@sakilacustomer.org"
"RAY","HOULE","RAY.HOULE@sakilacustomer.org"
"BILLIE","HORTON","BILLIE.HORTON@sakilacustomer.org"
"HILDA","HOPKINS","HILDA.HOPKINS@sakilacustomer.org"
"TONI","HOLT","TONI.HOLT@sakilacustomer.org"
"LUCILLE","HOLMES","LUCILLE.HOLMES@sakilacustomer.org"
"PHILLIP","HOLM","PHILLIP.HOLM@sakilacustomer.org"
"MABEL","HOLLAND","MABEL.HOLLAND@sakilacustomer.org"
"MATTIE","HOFFMAN","MATTIE.HOFFMAN@sakilacustomer.org"
"ZACHARY","HITE","ZACHARY.HITE@sakilacustomer.org"
"ANNA","HILL","ANNA.HILL@sakilacustomer.org"
"MARCUS","HIDALGO","MARCUS.HIDALGO@sakilacustomer.org"
"MONICA","HICKS","MONICA.HICKS@sakilacustomer.org"
"EDUARDO","HIATT","EDUARDO.HIATT@sakilacustomer.org"
"CLAUDE","HERZOG","CLAUDE.HERZOG@sakilacustomer.org"
"TRACY","HERRMANN","TRACY.HERRMANN@sakilacustomer.org"
"NORA","HERRERA","NORA.HERRERA@sakilacustomer.org"
"ANGELA","HERNANDEZ","ANGELA.HERNANDEZ@sakilacustomer.org"
"PAULINE","HENRY","PAULINE.HENRY@sakilacustomer.org"
"ALBERTO","HENNING","ALBERTO.HENNING@sakilacustomer.org"
"ANDREA","HENDERSON","ANDREA.HENDERSON@sakilacustomer.org"
"SHAWN","HEATON","SHAWN.HEATON@sakilacustomer.org"
"ROBIN","HAYES","ROBIN.HAYES@sakilacustomer.org"
"LEE","HAWKS","LEE.HAWKS@sakilacustomer.org"
"JILL","HAWKINS","JILL.HAWKINS@sakilacustomer.org"
"ARNOLD","HAVENS","ARNOLD.HAVENS@sakilacustomer.org"
"COREY","HAUSER","COREY.HAUSER@sakilacustomer.org"
"ARLENE","HARVEY","ARLENE.HARVEY@sakilacustomer.org"
"DANA","HART","DANA.HART@sakilacustomer.org"
"WENDY","HARRISON","WENDY.HARRISON@sakilacustomer.org"
"HELEN","HARRIS","HELEN.HARRIS@sakilacustomer.org"
"ROBERTA","HARPER","ROBERTA.HARPER@sakilacustomer.org"
"BRENT","HARKINS","BRENT.HARKINS@sakilacustomer.org"
"BRYAN","HARDISON","BRYAN.HARDISON@sakilacustomer.org"
"GABRIEL","HARDER","GABRIEL.HARDER@sakilacustomer.org"
"VIOLA","HANSON","VIOLA.HANSON@sakilacustomer.org"
"DELORES","HANSEN","DELORES.HANSEN@sakilacustomer.org"
"SETH","HANNON","SETH.HANNON@sakilacustomer.org"
"GLADYS","HAMILTON","GLADYS.HAMILTON@sakilacustomer.org"
"JESSICA","HALL","JESSICA.HALL@sakilacustomer.org"
"RAMONA","HALE","RAMONA.HALE@sakilacustomer.org"
"CARLA","GUTIERREZ","CARLA.GUTIERREZ@sakilacustomer.org"
"TERRENCE","GUNDERSON","TERRENCE.GUNDERSON@sakilacustomer.org"
"ERIK","GUILLEN","ERIK.GUILLEN@sakilacustomer.org"
"HARVEY","GUAJARDO","HARVEY.GUAJARDO@sakilacustomer.org"
"ARMANDO","GRUBER","ARMANDO.GRUBER@sakilacustomer.org"
"TERRY","GRISSOM","TERRY.GRISSOM@sakilacustomer.org"
"THOMAS","GRIGSBY","THOMAS.GRIGSBY@sakilacustomer.org"
"LILLIAN","GRIFFIN","LILLIAN.GRIFFIN@sakilacustomer.org"
"ROSS","GREY","ROSS.GREY@sakilacustomer.org"
"ALEX","GRESHAM","ALEX.GRESHAM@sakilacustomer.org"
"SONIA","GREGORY","SONIA.GREGORY@sakilacustomer.org"
"JEANETTE","GREENE","JEANETTE.GREENE@sakilacustomer.org"
"VIRGINIA","GREEN","VIRGINIA.GREEN@sakilacustomer.org"
"CHRISTOPHER","GRECO","CHRISTOPHER.GRECO@sakilacustomer.org"
"JUDY","GRAY","JUDY.GRAY@sakilacustomer.org"
"BRANDY","GRAVES","BRANDY.GRAVES@sakilacustomer.org"
"MICHELE","GRANT","MICHELE.GRANT@sakilacustomer.org"
"RITA","GRAHAM","RITA.GRAHAM@sakilacustomer.org"
"DOUGLAS","GRAF","DOUGLAS.GRAF@sakilacustomer.org"
"LESLIE","GORDON","LESLIE.GORDON@sakilacustomer.org"
"KENNETH","GOODEN","KENNETH.GOODEN@sakilacustomer.org"
"ADAM","GOOCH","ADAM.GOOCH@sakilacustomer.org"
"MARTHA","GONZALEZ","MARTHA.GONZALEZ@sakilacustomer.org"
"NORMA","GONZALES","NORMA.GONZALES@sakilacustomer.org"
"JOSEPHINE","GOMEZ","JOSEPHINE.GOMEZ@sakilacustomer.org"
"DENNIS","GILMAN","DENNIS.GILMAN@sakilacustomer.org"
"JOE","GILLILAND","JOE.GILLILAND@sakilacustomer.org"
"DUSTIN","GILLETTE","DUSTIN.GILLETTE@sakilacustomer.org"
"TANYA","GILBERT","TANYA.GILBERT@sakilacustomer.org"
"VICTORIA","GIBSON","VICTORIA.GIBSON@sakilacustomer.org"
"JOY","GEORGE","JOY.GEORGE@sakilacustomer.org"
"RUBEN","GEARY","RUBEN.GEARY@sakilacustomer.org"
"BILL","GAVIN","BILL.GAVIN@sakilacustomer.org"
"PEARL","GARZA","PEARL.GARZA@sakilacustomer.org"
"NELLIE","GARRETT","NELLIE.GARRETT@sakilacustomer.org"
"JOANN","GARDNER","JOANN.GARDNER@sakilacustomer.org"
"DAVE","GARDINER","DAVE.GARDINER@sakilacustomer.org"
"CAROL","GARCIA","CAROL.GARCIA@sakilacustomer.org"
"JAMES","GANNON","JAMES.GANNON@sakilacustomer.org"
"FLOYD","GANDY","FLOYD.GANDY@sakilacustomer.org"
"CLARENCE","GAMEZ","CLARENCE.GAMEZ@sakilacustomer.org"
"RANDY","GAITHER","RANDY.GAITHER@sakilacustomer.org"
"FELIX","GAFFNEY","FELIX.GAFFNEY@sakilacustomer.org"
"GERALD","FULTZ","GERALD.FULTZ@sakilacustomer.org"
"CLAUDIA","FULLER","CLAUDIA.FULLER@sakilacustomer.org"
"SHANNON","FREEMAN","SHANNON.FREEMAN@sakilacustomer.org"
"GLENDA","FRAZIER","GLENDA.FRAZIER@sakilacustomer.org"
"BETH","FRANKLIN","BETH.FRANKLIN@sakilacustomer.org"
"JOEL","FRANCISCO","JOEL.FRANCISCO@sakilacustomer.org"
"JUAN","FRALEY","JUAN.FRALEY@sakilacustomer.org"
"HOLLY","FOX","HOLLY.FOX@sakilacustomer.org"
"JO","FOWLER","JO.FOWLER@sakilacustomer.org"
"JACK","FOUST","JACK.FOUST@sakilacustomer.org"
"PHYLLIS","FOSTER","PHYLLIS.FOSTER@sakilacustomer.org"
"HOWARD","FORTNER","HOWARD.FORTNER@sakilacustomer.org"
"RAUL","FORTIER","RAUL.FORTIER@sakilacustomer.org"
"ENRIQUE","FORSYTHE","ENRIQUE.FORSYTHE@sakilacustomer.org"
"MICHEAL","FORMAN","MICHEAL.FORMAN@sakilacustomer.org"
"CRYSTAL","FORD","CRYSTAL.FORD@sakilacustomer.org"
"JULIA","FLORES","JULIA.FLORES@sakilacustomer.org"
"MAE","FLETCHER","MAE.FLETCHER@sakilacustomer.org"
"MYRTLE","FLEMING","MYRTLE.FLEMING@sakilacustomer.org"
"CINDY","FISHER","CINDY.FISHER@sakilacustomer.org"
"VICKI","FIELDS","VICKI.FIELDS@sakilacustomer.org"
"MELINDA","FERNANDEZ","MELINDA.FERNANDEZ@sakilacustomer.org"
"BERTHA","FERGUSON","BERTHA.FERGUSON@sakilacustomer.org"
"ALEXANDER","FENNELL","ALEXANDER.FENNELL@sakilacustomer.org"
"JOHN","FARNSWORTH","JOHN.FARNSWORTH@sakilacustomer.org"
"ANN","EVANS","ANN.EVANS@sakilacustomer.org"
"TRAVIS","ESTEP","TRAVIS.ESTEP@sakilacustomer.org"
"KURT","EMMONS","KURT.EMMONS@sakilacustomer.org"
"JARED","ELY","JARED.ELY@sakilacustomer.org"
"JAVIER","ELROD","JAVIER.ELROD@sakilacustomer.org"
"GRACE","ELLIS","GRACE.ELLIS@sakilacustomer.org"
"KATIE","ELLIOTT","KATIE.ELLIOTT@sakilacustomer.org"
"MELVIN","ELLINGTON","MELVIN.ELLINGTON@sakilacustomer.org"
"JIMMIE","EGGLESTON","JIMMIE.EGGLESTON@sakilacustomer.org"
"JOYCE","EDWARDS","JOYCE.EDWARDS@sakilacustomer.org"
"LEO","EBERT","LEO.EBERT@sakilacustomer.org"
"BEN","EASTER","BEN.EASTER@sakilacustomer.org"
"JEFF","EAST","JEFF.EAST@sakilacustomer.org"
"ERIN","DUNN","ERIN.DUNN@sakilacustomer.org"
"SAMANTHA","DUNCAN","SAMANTHA.DUNCAN@sakilacustomer.org"
"FREDDIE","DUGGAN","FREDDIE.DUGGAN@sakilacustomer.org"
"LLOYD","DOWD","LLOYD.DOWD@sakilacustomer.org"
"SEAN","DOUGLASS","SEAN.DOUGLASS@sakilacustomer.org"
"MARSHA","DOUGLAS","MARSHA.DOUGLAS@sakilacustomer.org"
"AMBER","DIXON","AMBER.DIXON@sakilacustomer.org"
"EMILY","DIAZ","EMILY.DIAZ@sakilacustomer.org"
"HERMAN","DEVORE","HERMAN.DEVORE@sakilacustomer.org"
"WADE","DELVALLE","WADE.DELVALLE@sakilacustomer.org"
"RON","DELUCA","RON.DELUCA@sakilacustomer.org"
"ALVIN","DELOACH","ALVIN.DELOACH@sakilacustomer.org"
"MARCIA","DEAN","MARCIA.DEAN@sakilacustomer.org"
"COURTNEY","DAY","COURTNEY.DAY@sakilacustomer.org"
"JENNIFER","DAVIS","JENNIFER.DAVIS@sakilacustomer.org"
"PATSY","DAVIDSON","PATSY.DAVIDSON@sakilacustomer.org"
"DANIELLE","DANIELS","DANIELLE.DANIELS@sakilacustomer.org"
"LEAH","CURTIS","LEAH.CURTIS@sakilacustomer.org"
"NORMAN","CURRIER","NORMAN.CURRIER@sakilacustomer.org"
"STEVEN","CURLEY","STEVEN.CURLEY@sakilacustomer.org"
"STACY","CUNNINGHAM","STACY.CUNNINGHAM@sakilacustomer.org"
"EUGENE","CULPEPPER","EUGENE.CULPEPPER@sakilacustomer.org"
"THEODORE","CULP","THEODORE.CULP@sakilacustomer.org"
"KIM","CRUZ","KIM.CRUZ@sakilacustomer.org"
"ALBERT","CROUSE","ALBERT.CROUSE@sakilacustomer.org"
"IVAN","CROMWELL","IVAN.CROMWELL@sakilacustomer.org"
"MAURICE","CRAWLEY","MAURICE.CRAWLEY@sakilacustomer.org"
"ESTHER","CRAWFORD","ESTHER.CRAWFORD@sakilacustomer.org"
"BOBBIE","CRAIG","BOBBIE.CRAIG@sakilacustomer.org"
"GARY","COY","GARY.COY@sakilacustomer.org"
"JUDITH","COX","JUDITH.COX@sakilacustomer.org"
"CARLOS","COUGHLIN","CARLOS.COUGHLIN@sakilacustomer.org"
"BRETT","CORNWELL","BRETT.CORNWELL@sakilacustomer.org"
"ALLAN","CORNISH","ALLAN.CORNISH@sakilacustomer.org"
"JOAN","COOPER","JOAN.COOPER@sakilacustomer.org"
"GLORIA","COOK","GLORIA.COOK@sakilacustomer.org"
"DIANE","COLLINS","DIANE.COLLINS@sakilacustomer.org"
"TOMMY","COLLAZO","TOMMY.COLLAZO@sakilacustomer.org"
"KATHRYN","COLEMAN","KATHRYN.COLEMAN@sakilacustomer.org"
"TRACY","COLE","TRACY.COLE@sakilacustomer.org"
"BERNARD","COLBY","BERNARD.COLBY@sakilacustomer.org"
"ADRIAN","CLARY","ADRIAN.CLARY@sakilacustomer.org"
"MICHELLE","CLARK","MICHELLE.CLARK@sakilacustomer.org"
"AUSTIN","CINTRON","AUSTIN.CINTRON@sakilacustomer.org"
"FERNANDO","CHURCHILL","FERNANDO.CHURCHILL@sakilacustomer.org"
"NELSON","CHRISTENSON","NELSON.CHRISTENSON@sakilacustomer.org"
"RAMON","CHOATE","RAMON.CHOATE@sakilacustomer.org"
"JOHNNIE","CHISHOLM","JOHNNIE.CHISHOLM@sakilacustomer.org"
"PEDRO","CHESTNUT","PEDRO.CHESTNUT@sakilacustomer.org"
"MARIO","CHEATHAM","MARIO.CHEATHAM@sakilacustomer.org"
"KRISTEN","CHAVEZ","KRISTEN.CHAVEZ@sakilacustomer.org"
"TONYA","CHAPMAN","TONYA.CHAPMAN@sakilacustomer.org"
"VERNON","CHAPA","VERNON.CHAPA@sakilacustomer.org"
"KRISTINA","CHAMBERS","KRISTINA.CHAMBERS@sakilacustomer.org"
"PHILIP","CAUSEY","PHILIP.CAUSEY@sakilacustomer.org"
"JENNY","CASTRO","JENNY.CASTRO@sakilacustomer.org"
"GERTRUDE","CASTILLO","GERTRUDE.CASTILLO@sakilacustomer.org"
"ALFRED","CASILLAS","ALFRED.CASILLAS@sakilacustomer.org"
"TIM","CARY","TIM.CARY@sakilacustomer.org"
"AMANDA","CARTER","AMANDA.CARTER@sakilacustomer.org"
"JUNE","CARROLL","JUNE.CARROLL@sakilacustomer.org"
"TONY","CARRANZA","TONY.CARRANZA@sakilacustomer.org"
"EILEEN","CARR","EILEEN.CARR@sakilacustomer.org"
"LORETTA","CARPENTER","LORETTA.CARPENTER@sakilacustomer.org"
"TERRY","CARLSON","TERRY.CARLSON@sakilacustomer.org"
"CHAD","CARBONE","CHAD.CARBONE@sakilacustomer.org"
"CATHERINE","CAMPBELL","CATHERINE.CAMPBELL@sakilacustomer.org"
"KAY","CALDWELL","KAY.CALDWELL@sakilacustomer.org"
"DANIEL","CABRAL","DANIEL.CABRAL@sakilacustomer.org"
"DEANNA","BYRD","DEANNA.BYRD@sakilacustomer.org"
"ALLEN","BUTTERFIELD","ALLEN.BUTTERFIELD@sakilacustomer.org"
"LOIS","BUTLER","LOIS.BUTLER@sakilacustomer.org"
"LEROY","BUSTAMANTE","LEROY.BUSTAMANTE@sakilacustomer.org"
"COLLEEN","BURTON","COLLEEN.BURTON@sakilacustomer.org"
"APRIL","BURNS","APRIL.BURNS@sakilacustomer.org"
"SIDNEY","BURLESON","SIDNEY.BURLESON@sakilacustomer.org"
"LYDIA","BURKE","LYDIA.BURKE@sakilacustomer.org"
"EDWIN","BURK","EDWIN.BURK@sakilacustomer.org"
"TIMOTHY","BUNN","TIMOTHY.BUNN@sakilacustomer.org"
"WESLEY","BULL","WESLEY.BULL@sakilacustomer.org"
"CLINTON","BUFORD","CLINTON.BUFORD@sakilacustomer.org"
"PAULA","BRYANT","PAULA.BRYANT@sakilacustomer.org"
"GUY","BROWNLEE","GUY.BROWNLEE@sakilacustomer.org"
"ELIZABETH","BROWN","ELIZABETH.BROWN@sakilacustomer.org"
"CHRIS","BROTHERS","CHRIS.BROTHERS@sakilacustomer.org"
"BEVERLY","BROOKS","BEVERLY.BROOKS@sakilacustomer.org"
"RUSSELL","BRINSON","RUSSELL.BRINSON@sakilacustomer.org"
"VICKIE","BREWER","VICKIE.BREWER@sakilacustomer.org"
"TED","BREAUX","TED.BREAUX@sakilacustomer.org"
"ANA","BRADLEY","ANA.BRADLEY@sakilacustomer.org"
"EMMA","BOYD","EMMA.BOYD@sakilacustomer.org"
"BYRON","BOX","BYRON.BOX@sakilacustomer.org"
"CAROLINE","BOWMAN","CAROLINE.BOWMAN@sakilacustomer.org"
"CLIFFORD","BOWENS","CLIFFORD.BOWENS@sakilacustomer.org"
"DERRICK","BOURQUE","DERRICK.BOURQUE@sakilacustomer.org"
"BOBBY","BOUDREAU","BOBBY.BOUDREAU@sakilacustomer.org"
"LEON","BOSTIC","LEON.BOSTIC@sakilacustomer.org"
"DON","BONE","DON.BONE@sakilacustomer.org"
"MATHEW","BOLIN","MATHEW.BOLIN@sakilacustomer.org"
"DEREK","BLAKELY","DEREK.BLAKELY@sakilacustomer.org"
"VALERIE","BLACK","VALERIE.BLACK@sakilacustomer.org"
"AGNES","BISHOP","AGNES.BISHOP@sakilacustomer.org"
"HENRY","BILLINGSLEY","HENRY.BILLINGSLEY@sakilacustomer.org"
"MIGUEL","BETANCOURT","MIGUEL.BETANCOURT@sakilacustomer.org"
"CHARLIE","BESS","CHARLIE.BESS@sakilacustomer.org"
"REGINA","BERRY","REGINA.BERRY@sakilacustomer.org"
"JANE","BENNETT","JANE.BENNETT@sakilacustomer.org"
"CHESTER","BENNER","CHESTER.BENNER@sakilacustomer.org"
"JEAN","BELL","JEAN.BELL@sakilacustomer.org"
"ROBERT","BAUGHMAN","ROBERT.BAUGHMAN@sakilacustomer.org"
"EDWARD","BAUGH","EDWARD.BAUGH@sakilacustomer.org"
"DAISY","BATES","DAISY.BATES@sakilacustomer.org"
"TRACEY","BARRETT","TRACEY.BARRETT@sakilacustomer.org"
"CAROLE","BARNETT","CAROLE.BARNETT@sakilacustomer.org"
"RACHEL","BARNES","RACHEL.BARNES@sakilacustomer.org"
"VICTOR","BARKLEY","VICTOR.BARKLEY@sakilacustomer.org"
"NICHOLAS","BARFIELD","NICHOLAS.BARFIELD@sakilacustomer.org"
"ANGEL","BARCLAY","ANGEL.BARCLAY@sakilacustomer.org"
"CLAYTON","BARBEE","CLAYTON.BARBEE@sakilacustomer.org"
"JESSIE","BANKS","JESSIE.BANKS@sakilacustomer.org"
"EVERETT","BANDA","EVERETT.BANDA@sakilacustomer.org"
"MARTIN","BALES","MARTIN.BALES@sakilacustomer.org"
"PAMELA","BAKER","PAMELA.BAKER@sakilacustomer.org"
"MILDRED","BAILEY","MILDRED.BAILEY@sakilacustomer.org"
"ALMA","AUSTIN","ALMA.AUSTIN@sakilacustomer.org"
"TYRONE","ASHER","TYRONE.ASHER@sakilacustomer.org"
"DARRYL","ASHCRAFT","DARRYL.ASHCRAFT@sakilacustomer.org"
"CARL","ARTIS","CARL.ARTIS@sakilacustomer.org"
"KENT","ARSENAULT","KENT.ARSENAULT@sakilacustomer.org"
"BEATRICE","ARNOLD","BEATRICE.ARNOLD@sakilacustomer.org"
"MELANIE","ARMSTRONG","MELANIE.ARMSTRONG@sakilacustomer.org"
"JORDAN","ARCHULETA","JORDAN.ARCHULETA@sakilacustomer.org"
"HARRY","ARCE","HARRY.ARCE@sakilacustomer.org"
"OSCAR","AQUINO","OSCAR.AQUINO@sakilacustomer.org"
"IDA","ANDREWS","IDA.ANDREWS@sakilacustomer.org"
"JOSE","ANDREW","JOSE.ANDREW@sakilacustomer.org"
"LISA","ANDERSON","LISA.ANDERSON@sakilacustomer.org"
"CHARLENE","ALVAREZ","CHARLENE.ALVAREZ@sakilacustomer.org"
"SHIRLEY","ALLEN","SHIRLEY.ALLEN@sakilacustomer.org"
"GORDON","ALLARD","GORDON.ALLARD@sakilacustomer.org"
"DIANA","ALEXANDER","DIANA.ALEXANDER@sakilacustomer.org"
"KATHLEEN","ADAMS","KATHLEEN.ADAMS@sakilacustomer.org"
"NATHANIEL","ADAM","NATHANIEL.ADAM@sakilacustomer.org"
"RAFAEL","ABNEY","RAFAEL.ABNEY@sakilacustomer.org"
